epoch,round,train_accuracy,train_auc,train_f1,train_f1_macro,train_precision,train_sensitivity,train_specificity,train_loss,train_prox_loss,val_accuracy,val_auc,val_f1,val_f1_macro,val_precision,val_sensitivity,val_specificity,val_loss,duration_seconds
1,1.0,0.6002604365348816,0.5982208251953125,0.4527629315853119,0.568945586681366,0.4163934290409088,0.49609375,0.65234375,0.6808652033408483,0.0360948636662215,0.7200000286102295,0.7516961097717285,0.517241358757019,0.6600291728973389,0.6000000238418579,0.4545454680919647,0.8507462739944458,0.6453538835048676,23.3732494560536
2,1.0,0.7083333134651184,0.749369204044342,0.6014235019683838,0.6857219934463501,0.5559210777282715,0.6550387740135193,0.7352941036224365,0.5887974599997202,0.1077090638379256,0.49000000953674316,0.70737224817276,0.5405405163764954,0.48375338315963745,0.38461539149284363,0.9090909361839294,0.28358209133148193,0.671461671590805,8.126476709963754
3,2.0,0.70703125,0.7524261474609375,0.5871559381484985,0.6800562739372253,0.5536332130432129,0.625,0.748046875,0.5948972354332606,0.035715106020992,0.6600000262260437,0.7783808708190918,0.604651153087616,0.6532027721405029,0.49056604504585266,0.7878788113594055,0.5970149040222168,0.5942964553833008,16.709629284916446
4,2.0,0.765625,0.8138961791992188,0.6678966879844666,0.7434051036834717,0.632867157459259,0.70703125,0.794921875,0.530136855940024,0.10064836653570335,0.7599999904632568,0.8245137929916382,0.692307710647583,0.7477931976318359,0.6000000238418579,0.8181818127632141,0.7313432693481445,0.5303726196289062,14.705535964109004
5,3.0,0.73046875,0.7911386489868164,0.628366231918335,0.7084629535675049,0.5912162065505981,0.6704980731010437,0.7613412141799927,0.5607422788937887,0.03407289149860541,0.800000011920929,0.8412483334541321,0.6774193644523621,0.7662459015846252,0.7241379022598267,0.6363636255264282,0.8805969953536987,0.5057175010442734,15.578897522995248
6,3.0,0.8033854365348816,0.8578483462333679,0.7229357957839966,0.7852822542190552,0.688811182975769,0.760617733001709,0.8251473307609558,0.4849894593159358,0.09102754419048627,0.7900000214576721,0.8109452724456787,0.6666666865348816,0.7566909790039062,0.699999988079071,0.6363636255264282,0.8656716346740723,0.5422101020812988,13.439166003838181
7,4.0,0.7552083134651184,0.810936689376831,0.6492537260055542,0.7306268215179443,0.6148409843444824,0.687747061252594,0.7883495092391968,0.5343576868375143,0.03167021072780093,0.7900000214576721,0.8475803136825562,0.6037735939025879,0.7304582595825195,0.800000011920929,0.4848484992980957,0.9402984976768494,0.5661472678184509,23.776471794117242
8,4.0,0.80859375,0.8721160888671875,0.7221171855926514,0.788069486618042,0.6895306706428528,0.7579365372657776,0.8333333134651184,0.4650811031460762,0.08331325246642034,0.7900000214576721,0.8222523331642151,0.6557376980781555,0.7523292899131775,0.7142857313156128,0.6060606241226196,0.8805969953536987,0.5491547286510468,7.3851606962271035
9,5.0,0.75390625,0.8094412088394165,0.6532109975814819,0.7312473058700562,0.6245614290237427,0.6846153736114502,0.789370059967041,0.5426848654945692,0.02965506713371724,0.7900000214576721,0.8190863728523254,0.6865671873092651,0.7643362283706665,0.6764705777168274,0.6969696879386902,0.8358209133148193,0.5299419164657593,18.07873554993421
10,5.0,0.8229166865348816,0.8734695911407471,0.7472118735313416,0.8054696321487427,0.7027971744537354,0.7976190447807312,0.8352712988853455,0.45650240282217663,0.07441774600495894,0.7799999713897705,0.8177295923233032,0.6333333253860474,0.738095223903656,0.7037037014961243,0.5757575631141663,0.8805969953536987,0.5829886198043823,7.651582638034597
11,6.0,0.7877604365348816,0.83428955078125,0.6918714642524719,0.7650022506713867,0.6703296899795532,0.71484375,0.82421875,0.5161566883325577,0.030356391604679327,0.7599999904632568,0.8218001127243042,0.692307710647583,0.7477931976318359,0.6000000238418579,0.8181818127632141,0.7313432693481445,0.5111130923032761,24.125245671952143
12,6.0,0.83203125,0.8907394409179688,0.7552182078361511,0.8136844635009766,0.7343173623085022,0.77734375,0.859375,0.42848724375168484,0.07724233064800501,0.8100000023841858,0.8177295327186584,0.6984127163887024,0.7798632979393005,0.7333333492279053,0.6666666865348816,0.8805969953536987,0.5651232600212097,8.850917956093326
13,7.0,0.7825520634651184,0.8325726985931396,0.6819047331809998,0.7583608627319336,0.6629629731178284,0.7019608020782471,0.8226121068000793,0.5054743016759554,0.02768311571950714,0.8299999833106995,0.8367254734039307,0.6909090876579285,0.7868338823318481,0.8636363744735718,0.5757575631141663,0.9552238583564758,0.5261122584342957,14.609146271133795
14,7.0,0.8255208134651184,0.8958911895751953,0.7471697926521301,0.8069844841957092,0.7200000286102295,0.7764706015586853,0.8499025106430054,0.4241067295273145,0.07319095140943925,0.7900000214576721,0.8507462739944458,0.6315789222717285,0.7423628568649292,0.75,0.5454545617103577,0.9104477763175964,0.631354808807373,9.00532767502591
15,8.0,0.7916666865348816,0.848891019821167,0.686274528503418,0.7651645541191101,0.6782945990562439,0.6944444179534912,0.8391472697257996,0.4859558567404747,0.028294477456559736,0.7799999713897705,0.8738127946853638,0.5,0.6794871687889099,1.0,0.3333333432674408,1.0,0.7960193455219269,24.002479552058503
16,8.0,0.8372395634651184,0.9049758911132812,0.7609942555427551,0.8187991976737976,0.7453183531761169,0.77734375,0.8671875,0.40586427102486294,0.06835667726894219,0.8199999928474426,0.8783355951309204,0.6896551847457886,0.7814472913742065,0.800000011920929,0.6060606241226196,0.9253731369972229,0.5169443786144257,8.508848653873429
17,9.0,0.7955729365348816,0.8423205018043518,0.69749516248703,0.7715597748756409,0.6830188632011414,0.712598443031311,0.8365758657455444,0.492450475692749,0.026281297323293984,0.8199999928474426,0.8453189134597778,0.6538461446762085,0.7661122679710388,0.8947368264198303,0.5151515007019043,0.9701492786407471,0.6670294404029846,13.526716962922364
18,9.0,0.83203125,0.9069269895553589,0.7570621371269226,0.8143519759178162,0.7335766553878784,0.7821011543273926,0.8571428656578064,0.4054167792201042,0.06355408827463786,0.800000011920929,0.8584350943565369,0.5652173757553101,0.717673659324646,1.0,0.39393940567970276,1.0,0.688022255897522,7.765574882971123
19,10.0,0.80859375,0.8590287566184998,0.7167630195617676,0.7861101627349854,0.7126436829566956,0.7209302186965942,0.8529411554336548,0.47731174280246097,0.027697909662189584,0.8100000023841858,0.8570781946182251,0.688524603843689,0.7759169340133667,0.75,0.6363636255264282,0.89552241563797,0.5076152235269547,22.08784068399109
20,10.0,0.8424479365348816,0.9129272699356079,0.7686424255371094,0.8245975971221924,0.7556390762329102,0.7821011543273926,0.8727984428405762,0.3902331714828809,0.07302553455034892,0.8100000023841858,0.8371777534484863,0.6545454263687134,0.7617554664611816,0.8181818127632141,0.5454545617103577,0.9402984976768494,0.595314621925354,8.027157449861988
21,11.0,0.7955729365348816,0.8655511736869812,0.709796667098999,0.7760038375854492,0.6832740306854248,0.7384615540504456,0.8248031735420227,0.46981917570034665,0.030205624216857057,0.7699999809265137,0.8068747520446777,0.5106382966041565,0.6801557540893555,0.8571428656578064,0.3636363744735718,0.9701492786407471,0.8410705924034119,16.790578202111647
22,11.0,0.84765625,0.9269645810127258,0.7837338447570801,0.8330729603767395,0.7491165995597839,0.8217054009437561,0.8607842922210693,0.3620411778489749,0.06869583545873563,0.8100000023841858,0.7955676317214966,0.6545454263687134,0.7617554664611816,0.8181818127632141,0.5454545617103577,0.9402984976768494,0.8756489753723145,8.985382810002193
23,12.0,0.8151041865348816,0.8828725218772888,0.7310606241226196,0.7950937747955322,0.7121770977973938,0.7509727478027344,0.8473581075668335,0.4404447327057521,0.027225701526428264,0.7699999809265137,0.8326549530029297,0.4888888895511627,0.6702508926391602,0.9166666865348816,0.3333333432674408,0.9850746393203735,0.7195456624031067,22.783735433826223
24,12.0,0.8619791865348816,0.930450439453125,0.7984790802001953,0.846764326095581,0.7777777910232544,0.8203125,0.8828125,0.3553612803419431,0.06865671587487061,0.6700000166893005,0.7851650714874268,0.5479452013969421,0.6440513134002686,0.5,0.6060606241226196,0.7014925479888916,0.6929111778736115,8.9962117690593
25,13.0,0.81640625,0.8731861114501953,0.7324478030204773,0.796352744102478,0.7201492786407471,0.7451737523078918,0.8526522517204285,0.4539085229237874,0.02764955209568143,0.800000011920929,0.7955676317214966,0.6296296119689941,0.7463216781616211,0.8095238208770752,0.5151515007019043,0.9402984976768494,0.7848217487335205,19.60597893805243
26,13.0,0.8658854365348816,0.9323196411132812,0.8015414476394653,0.850131630897522,0.7908745408058167,0.8125,0.892578125,0.3554435111582279,0.06417563588668902,0.800000011920929,0.834916353225708,0.6875,0.7702205777168274,0.7096773982048035,0.6666666865348816,0.8656716346740723,0.6905875205993652,8.055499288951978
27,14.0,0.8138020634651184,0.880401611328125,0.7327103018760681,0.7949265837669373,0.7025089859962463,0.765625,0.837890625,0.45175378521283466,0.028114073832208913,0.7699999809265137,0.8227046728134155,0.5306122303009033,0.6891471743583679,0.8125,0.39393940567970276,0.9552238583564758,0.7645111680030823,18.320118742994964
28,14.0,0.89453125,0.9529494643211365,0.8439306616783142,0.8821423053741455,0.8358778357505798,0.8521400690078735,0.9158512949943542,0.30779863769809407,0.06506833496193092,0.800000011920929,0.7842605113983154,0.6296296119689941,0.7463216781616211,0.8095238208770752,0.5151515007019043,0.9402984976768494,0.9700632095336914,13.278554528951645
29,15.0,0.81640625,0.8891838788986206,0.7412844300270081,0.7995019555091858,0.7062937021255493,0.7799227833747864,0.8349705338478088,0.4444117248058319,0.028078986836286884,0.8199999928474426,0.8421528339385986,0.6785714030265808,0.7767857313156128,0.8260869383811951,0.5757575631141663,0.9402984976768494,0.6121954321861267,24.074609123170376
30,15.0,0.87109375,0.9357728958129883,0.8163265585899353,0.8585143089294434,0.7829181551933289,0.8527131676673889,0.8803921341896057,0.3427654256423314,0.06383634513864915,0.7799999713897705,0.8254183530807495,0.6071428656578064,0.7271825075149536,0.739130437374115,0.5151515007019043,0.9104477763175964,0.7804117500782013,10.243222105083987
31,16.0,0.8372395634651184,0.9030358791351318,0.764595091342926,0.8201085329055786,0.7408758997917175,0.7898832559585571,0.8610567450523376,0.40836167832215625,0.028065449829834204,0.7799999713897705,0.837630033493042,0.6071428656578064,0.7271825075149536,0.739130437374115,0.5151515007019043,0.9104477763175964,0.6619092226028442,17.738404884003103
32,16.0,0.85546875,0.9409560561180115,0.7985481023788452,0.8429288864135742,0.7508532404899597,0.8527131676673889,0.8568627238273621,0.3328896065553029,0.06899184702585141,0.8199999928474426,0.8190863728523254,0.6666666865348816,0.7716895341873169,0.8571428656578064,0.5454545617103577,0.9552238583564758,0.8368612229824066,7.821390874916688
33,17.0,0.8294270634651184,0.907867431640625,0.7514231204986572,0.810795783996582,0.7306272983551025,0.7734375,0.857421875,0.40182939420143765,0.02917935772954176,0.7699999809265137,0.8426051139831543,0.6567164063453674,0.7418920397758484,0.6470588445663452,0.6666666865348816,0.8208954930305481,0.5976752787828445,15.555828996002674
34,17.0,0.87890625,0.943164050579071,0.8248587846755981,0.8661607503890991,0.79347825050354,0.8588235378265381,0.8888888955116272,0.3258749768137932,0.06767129401365916,0.7099999785423279,0.7874265313148499,0.6233766078948975,0.6938021183013916,0.5454545617103577,0.7272727489471436,0.7014925479888916,0.6939585506916046,8.406522619072348
35,18.0,0.83203125,0.9014230370521545,0.7650273442268372,0.8171641230583191,0.7241379022598267,0.8108108043670654,0.8428290486335754,0.41195633510748547,0.028951747187723715,0.800000011920929,0.8231569528579712,0.6428571343421936,0.7519841194152832,0.782608687877655,0.5454545617103577,0.9253731369972229,0.6974453032016754,14.737131658010185
36,18.0,0.9010416865348816,0.9656488299369812,0.8618181943893433,0.8923695087432861,0.8229166865348816,0.9045801758766174,0.8992094993591309,0.26895291606585187,0.07008355824897687,0.7599999904632568,0.8412482738494873,0.6470588445663452,0.732620358467102,0.6285714507102966,0.6666666865348816,0.8059701323509216,0.5734133720397949,15.933114527026191
37,19.0,0.84375,0.9057615995407104,0.7709923386573792,0.8262076377868652,0.7426470518112183,0.8015872836112976,0.8643410801887512,0.40506328890721005,0.02966150373686105,0.8199999928474426,0.8914518356323242,0.6399999856948853,0.7599999904632568,0.9411764740943909,0.4848484992980957,0.9850746393203735,0.6843699514865875,21.44913853984326
38,19.0,0.8932291865348816,0.9541137218475342,0.8475836515426636,0.8827096223831177,0.8231046795845032,0.8735632300376892,0.9033530354499817,0.29399752244353294,0.06777060062934954,0.7900000214576721,0.8245137929916382,0.5882353186607361,0.7236478328704834,0.8333333134651184,0.4545454680919647,0.9552238583564758,0.8642931282520294,8.319773700088263
39,20.0,0.8658854365348816,0.9191665649414062,0.8067542314529419,0.8520311117172241,0.7761732935905457,0.83984375,0.87890625,0.3743881285190582,0.02864878997206688,0.7900000214576721,0.8638625144958496,0.5882353186607361,0.7236478328704834,0.8333333134651184,0.4545454680919647,0.9552238583564758,0.6872706413269043,22.86295834905468
40,20.0,0.9088541865348816,0.9636200666427612,0.8674242496490479,0.8989899158477783,0.8513011336326599,0.88416987657547,0.9214145541191101,0.26920559505621594,0.06965695197383563,0.7099999785423279,0.8322026133537292,0.6666666865348816,0.7050147652626038,0.5370370149612427,0.8787878751754761,0.6268656849861145,0.8511914610862732,8.244311214890331
41,21.0,0.8346354365348816,0.8989342451095581,0.7495068907737732,0.8130430579185486,0.7421875,0.7569721341133118,0.8723404407501221,0.4190589288870494,0.02787005132995546,0.8199999928474426,0.8439620733261108,0.699999988079071,0.7857142686843872,0.7777777910232544,0.6363636255264282,0.9104477763175964,0.6223908066749573,22.38832675712183
42,21.0,0.91015625,0.9648107886314392,0.8675623536109924,0.8997910022735596,0.8339483141899109,0.9039999842643738,0.9131274223327637,0.2660197826723258,0.06191855172316233,0.8799999952316284,0.9090909361839294,0.8064516186714172,0.8597475290298462,0.8620689511299133,0.7575757503509521,0.9402984976768494,0.44349081814289093,8.552621555980295
43,22.0,0.84375,0.9267501831054688,0.7802197933197021,0.8295038342475891,0.7344827651977539,0.83203125,0.849609375,0.36765283594528836,0.028253642143681645,0.8199999928474426,0.8521031141281128,0.6399999856948853,0.7599999904632568,0.9411764740943909,0.4848484992980957,0.9850746393203735,0.8281713724136353,24.260258010122925
44,22.0,0.9153645634651184,0.9678207635879517,0.8771266341209412,0.9062892198562622,0.8529411554336548,0.9027237296104431,0.9217221140861511,0.25729358941316605,0.06767688319087029,0.6299999952316284,0.767978310585022,0.5747126340866089,0.6236394643783569,0.46296295523643494,0.7575757503509521,0.5671641826629639,0.845596581697464,8.691820982145146
45,23.0,0.8528645634651184,0.9277180433273315,0.7934186458587646,0.8395808935165405,0.7560975551605225,0.8346154093742371,0.8622047305107117,0.36288488159577054,0.028147821508658428,0.7900000214576721,0.84305739402771,0.5531914830207825,0.7079682946205139,0.9285714030265808,0.39393940567970276,0.9850746393203735,0.8208203315734863,21.692281713942066
46,23.0,0.90234375,0.9501800537109375,0.8576850295066833,0.8916770219802856,0.8339483141899109,0.8828125,0.912109375,0.3011297658085823,0.07079385903974374,0.7200000286102295,0.8471280336380005,0.6410256624221802,0.7057586908340454,0.5555555820465088,0.7575757503509521,0.7014925479888916,0.5799489319324493,11.294396399985999
47,24.0,0.8763020634651184,0.9350393414497375,0.8250460624694824,0.8646881580352783,0.7915194630622864,0.8615384697914124,0.8838582634925842,0.3458753476540248,0.028002667318408687,0.8199999928474426,0.8208955526351929,0.6785714030265808,0.7767857313156128,0.8260869383811951,0.5757575631141663,0.9402984976768494,0.8243939280509949,22.448023905977607
48,24.0,0.9244791865348816,0.977563738822937,0.8893129825592041,0.9160003662109375,0.8661710023880005,0.9137254953384399,0.9298245906829834,0.2235711713631948,0.06803036729494731,0.7699999809265137,0.836273193359375,0.6101694703102112,0.7235244512557983,0.692307710647583,0.5454545617103577,0.8805969953536987,0.7088904976844788,7.96033604699187
49,25.0,0.8697916865348816,0.9344266057014465,0.80694979429245,0.854358971118927,0.7916666865348816,0.8228346705436707,0.8929961323738098,0.3477902797361215,0.027862539747729897,0.800000011920929,0.8869290351867676,0.5833333134651184,0.7258771657943726,0.9333333373069763,0.42424243688583374,0.9850746393203735,1.0531076788902283,22.640221390174702
50,25.0,0.9166666865348816,0.9704421758651733,0.8814814686775208,0.9086122512817383,0.8500000238418579,0.9153845906257629,0.9173228144645691,0.2467406044403712,0.0655473293736577,0.8199999928474426,0.8796924352645874,0.625,0.7532894611358643,1.0,0.4545454680919647,1.0,1.0010812878608704,8.04811782692559
51,26.0,0.8828125,0.941382884979248,0.8282442688941956,0.8696557283401489,0.8066914677619934,0.8509804010391235,0.8986355066299438,0.33003872508804005,0.027841764424617093,0.800000011920929,0.8195387125015259,0.6551724076271057,0.7571636438369751,0.7599999904632568,0.5757575631141663,0.9104477763175964,0.7241660952568054,24.26088230800815
52,26.0,0.9127604365348816,0.9742551445960999,0.8733459115028381,0.9034057855606079,0.8492646813392639,0.8988326787948608,0.9197651743888855,0.23540174836913744,0.06706821918487549,0.800000011920929,0.8331071734428406,0.7142857313156128,0.7802197933197021,0.6756756901741028,0.7575757503509521,0.8208954930305481,0.6740233600139618,8.552386327181011
53,27.0,0.8736979365348816,0.9314576387405396,0.81732577085495,0.8604041934013367,0.8037037253379822,0.8314176201820374,0.8954635262489319,0.35282324999570847,0.027490878904548783,0.8100000023841858,0.8154680728912354,0.6666666865348816,0.7668997645378113,0.7916666865348816,0.5757575631141663,0.9253731369972229,0.7429022490978241,13.404059919994324
54,27.0,0.9192708134651184,0.978363037109375,0.8825757503509521,0.9105339050292969,0.8566176295280457,0.91015625,0.923828125,0.2230586583415667,0.06621879960099857,0.800000011920929,0.8204432725906372,0.6551724076271057,0.7571636438369751,0.7599999904632568,0.5757575631141663,0.9104477763175964,0.8256558179855347,14.409676801180467
55,28.0,0.8763020634651184,0.9358167052268982,0.8210923075675964,0.8632824420928955,0.7956204414367676,0.8482490181922913,0.8904109597206116,0.3414582995076974,0.027616714010946453,0.7699999809265137,0.7738579511642456,0.5306122303009033,0.6891471743583679,0.8125,0.39393940567970276,0.9552238583564758,0.9318667054176331,16.15596118895337
56,28.0,0.921875,0.9750028848648071,0.8846153616905212,0.9127801656723022,0.8679245114326477,0.9019607901573181,0.9317739009857178,0.23110094790657362,0.06609560176730156,0.800000011920929,0.8113975524902344,0.6153846383094788,0.7401247620582581,0.8421052694320679,0.4848484992980957,0.9552238583564758,0.8527567982673645,14.987789424834773
57,29.0,0.8763020634651184,0.9425840973854065,0.8197343349456787,0.8627908229827881,0.7883211970329285,0.8537549376487732,0.8873786330223083,0.33089128136634827,0.029572643145608406,0.8100000023841858,0.8245137929916382,0.6666666865348816,0.7668997645378113,0.7916666865348816,0.5757575631141663,0.9253731369972229,0.7170888483524323,12.954454098129645
58,29.0,0.9322916865348816,0.9786795377731323,0.9018868207931519,0.9250984787940979,0.885185182094574,0.9192307591438293,0.9389764070510864,0.21588884914914766,0.06704884301871061,0.7799999713897705,0.8611487746238708,0.7027027010917664,0.764049768447876,0.6341463327407837,0.7878788113594055,0.7761194109916687,0.6486128866672516,14.122757852077484
59,30.0,0.8815104365348816,0.9467196464538574,0.8311688303947449,0.8699474930763245,0.800000011920929,0.8648648858070374,0.8899803757667542,0.3216936948398749,0.029187181615270674,0.7599999904632568,0.7512437701225281,0.5199999809265137,0.6799999475479126,0.7647058963775635,0.39393940567970276,0.9402984976768494,1.1481279730796814,19.152591096935794
60,30.0,0.90625,0.9698433876037598,0.8656716346740723,0.8968358039855957,0.8345323801040649,0.8992248177528381,0.9098039269447327,0.2496078535914421,0.07018804798523585,0.7400000095367432,0.7747625112533569,0.4583333432674408,0.6436403393745422,0.7333333492279053,0.3333333432674408,0.9402984976768494,1.1099864840507507,9.250327677000314
